{
    "apple": {
        "N": 20.8,
        "P": 134.22,
        "K": 199.89,
        "temperature": 22.6309424132,
        "humidity": 92.3333828756,
        "ph": 5.929662931809999,
        "rainfall": 112.654779275
    },
    "banana": {
        "N": 100.23,
        "P": 82.01,
        "K": 50.05,
        "temperature": 27.3767983057,
        "humidity": 80.35812258109999,
        "ph": 5.98389318024,
        "rainfall": 104.6269804001
    },
    "blackgram": {
        "N": 40.02,
        "P": 67.47,
        "K": 19.24,
        "temperature": 29.9733396789,
        "humidity": 65.1184255887,
        "ph": 7.13395162948,
        "rainfall": 67.8841511832
    },
    "chickpea": {
        "N": 40.09,
        "P": 67.79,
        "K": 79.92,
        "temperature": 18.8728467519,
        "humidity": 16.8604394237,
        "ph": 7.33695662374,
        "rainfall": 80.0589772605
    },
    "coconut": {
        "N": 21.98,
        "P": 16.93,
        "K": 30.59,
        "temperature": 27.4098921723,
        "humidity": 94.84427180610001,
        "ph": 5.97656212619,
        "rainfall": 175.686645804
    },
    "coffee": {
        "N": 101.2,
        "P": 28.74,
        "K": 29.94,
        "temperature": 25.5404768193,
        "humidity": 58.8698463003,
        "ph": 6.79030827457,
        "rainfall": 158.066294882
    },
    "cotton": {
        "N": 117.77,
        "P": 46.24,
        "K": 19.56,
        "temperature": 23.988957895200002,
        "humidity": 79.8434742538,
        "ph": 6.91267549578,
        "rainfall": 80.3980431193
    },
    "grapes": {
        "N": 23.18,
        "P": 132.53,
        "K": 200.11,
        "temperature": 23.849575120049998,
        "humidity": 81.8752275212,
        "ph": 6.025936681099999,
        "rainfall": 69.611828886
    },
    "jute": {
        "N": 78.4,
        "P": 46.86,
        "K": 39.99,
        "temperature": 24.9583758265,
        "humidity": 79.6398642063,
        "ph": 6.7327775681699995,
        "rainfall": 174.792797536
    },
    "kidneybeans": {
        "N": 20.75,
        "P": 67.54,
        "K": 20.05,
        "temperature": 20.1150846851,
        "humidity": 21.6053567295,
        "ph": 5.749410585870001,
        "rainfall": 105.91977754210001
    },
    "lentil": {
        "N": 18.77,
        "P": 68.36,
        "K": 19.41,
        "temperature": 24.509052402600002,
        "humidity": 64.8047846785,
        "ph": 6.927931571609999,
        "rainfall": 45.680454204
    },
    "maize": {
        "N": 77.76,
        "P": 48.44,
        "K": 19.79,
        "temperature": 22.3892039102,
        "humidity": 65.0922494467,
        "ph": 6.2451897224,
        "rainfall": 84.766987663
    },
    "mango": {
        "N": 20.07,
        "P": 27.18,
        "K": 29.92,
        "temperature": 31.2087701513,
        "humidity": 50.1565726953,
        "ph": 5.766372799660001,
        "rainfall": 94.70451504479999
    },
    "mothbeans": {
        "N": 21.44,
        "P": 48.01,
        "K": 20.23,
        "temperature": 28.1949204842,
        "humidity": 53.16041802790001,
        "ph": 6.83117408269,
        "rainfall": 51.198487045700006
    },
    "mungbean": {
        "N": 20.99,
        "P": 47.28,
        "K": 19.87,
        "temperature": 28.5257747353,
        "humidity": 85.49997454300001,
        "ph": 6.72395694037,
        "rainfall": 48.403600902899996
    },
    "muskmelon": {
        "N": 100.32,
        "P": 17.72,
        "K": 50.08,
        "temperature": 28.663065756,
        "humidity": 92.34280196089999,
        "ph": 6.35880545179,
        "rainfall": 24.689952066
    },
    "orange": {
        "N": 19.58,
        "P": 16.55,
        "K": 10.01,
        "temperature": 22.7657254967,
        "humidity": 92.17020876340001,
        "ph": 7.01695745276,
        "rainfall": 110.47496871999999
    },
    "papaya": {
        "N": 49.88,
        "P": 59.05,
        "K": 50.04,
        "temperature": 33.7238587388,
        "humidity": 92.4033876826,
        "ph": 6.74144237274,
        "rainfall": 142.6278388629
    },
    "pigeonpeas": {
        "N": 20.73,
        "P": 67.73,
        "K": 20.29,
        "temperature": 27.7417622259,
        "humidity": 48.0616330847,
        "ph": 5.794174879790001,
        "rainfall": 149.4575638135
    },
    "pomegranate": {
        "N": 18.87,
        "P": 18.75,
        "K": 40.21,
        "temperature": 21.837841721999997,
        "humidity": 90.1255037895,
        "ph": 6.4291718411700005,
        "rainfall": 107.52844239699999
    },
    "rice": {
        "N": 79.89,
        "P": 47.58,
        "K": 39.87,
        "temperature": 23.6893322105,
        "humidity": 82.2728215389,
        "ph": 6.425470922140001,
        "rainfall": 236.181113594
    },
    "watermelon": {
        "N": 99.42,
        "P": 17.0,
        "K": 50.22,
        "temperature": 25.591767237499997,
        "humidity": 85.16037529360001,
        "ph": 6.49577830157,
        "rainfall": 50.7862189449
    }
}